"method","estimate","se","wald.low","wald.high","boot.low","boot.high"
"adj",-0.0378700864896665,0.0310871352354324,-0.0990432934061697,0.0233031204268368,-0.0980112867363628,0.0134133591364847
"gcomp",-0.0378700864896665,NA,NA,NA,-0.099347944785992,0.0179946460559853
"gcomp_sl",-0.0307968800879029,NA,NA,NA,-0.063520495019308,0.00147177760129267
"ipw",-0.0351591536611078,0.0851247506789144,-0.202000599184732,0.131682291862516,-0.0912123134052016,0.023623369498318
"ipw_sl",-0.0305936152249159,0.0740847439550273,-0.175797045180641,0.114609814730809,-0.0911122353216947,0.0663816243311693
"tmle_bin",-0.0340646855962403,0.0294139281483435,-0.0917149254108424,0.0235855542183618,-0.0913417960255173,0.0259510029890671
"tmle_bin_sl",-0.0373235881582642,0.022401260930993,-0.0812292527912947,0.00658207647476637,-0.19588849322243,0.0099143376665216
"tmle_cont",-0.0349439662129818,0.0301662792518725,-0.0940687870942299,0.0241808546682662,-0.0972209277037765,0.0214348220978637
"tmle_cont_sl",-0.0399214857240391,0.018135247382409,-0.075465917444285,-0.00437705400379314,-0.140141055932829,0.00443861390263909
